ID,fcn_name,param1,param2,param3,param4,param5,param6,param7,param8
0,sigmoid,0.0005119450022572636,-0.678845903190876,0,0,0,0,0,0
0,linear,-0.614713477361849,0.27015859396218,0,0,0,0,0,0
0,polynomial2D,0.28929078982818623,0.8036231813077559,-0.5442504638655872,0,0,0,0,0
0,polynomial3D,0.47798407652490593,0.4227658123760274,-0.36121297215454207,0.03739056136974006,0,0,0,0
0,polynomial7D,-0.14843665871266265,-0.3899194808666171,-0.28443870322328224,0.4178322262681222,0.6505596405796843,-0.9132840844217682,0.8952221998064587,-0.7222959602632071
0,exponential,0.33954551184699455,0,0,0,0,0,0,0
0,logarithmic,-0.9068208623952305,0,0,0,0,0,0,0
1,sigmoid,0.5273337610257347,0.6697068939161763,0,0,0,0,0,0
1,linear,-0.6864234423412918,-0.37622427072838693,0,0,0,0,0,0
1,polynomial2D,-0.592516774367315,0.38275753040776483,0.7274478766286183,0,0,0,0,0
1,polynomial3D,-0.24235487761059282,0.8167926803670154,0.6986951467779685,-0.8786283278829414,0,0,0,0
1,polynomial7D,0.833690076097868,0.45192795485414683,-0.48297359785329674,0.8458063087746532,0.5996856987763859,-0.9459636182031534,0.17980974818507356,-0.2667088302679117
1,exponential,0.2333882987039666,0,0,0,0,0,0,0
1,logarithmic,0.66619618134124,0,0,0,0,0,0,0
2,sigmoid,-0.8297984748755767,0.5108689540994613,0,0,0,0,0,0
2,linear,-0.1652183005263228,0.5618852236558338,0,0,0,0,0,0
2,polynomial2D,0.9019282612047745,-0.5181026760054941,0.004119420159324649,0,0,0,0,0
2,polynomial3D,0.6540944749116919,-0.8408697290645579,-0.3120708977742086,0.06715883252472699,0,0,0,0
2,polynomial7D,0.39495567799083986,0.9495392046057498,-0.7300950988950987,-0.32825180628030237,0.8473518069179071,-0.09715921350529522,-0.33868969143124605,0.7471000891175759
2,exponential,0.004041851427797338,0,0,0,0,0,0,0
2,logarithmic,0.9136173666938838,0,0,0,0,0,0,0
3,sigmoid,-0.7882827641207539,-0.7910897155847876,0,0,0,0,0,0
3,linear,0.7563761849978954,0.8351192702386572,0,0,0,0,0,0
3,polynomial2D,0.47325208665950713,0.12346143875893811,-0.5643257864212685,0,0,0,0,0
3,polynomial3D,-0.6676250746686248,-0.3257304242578538,-0.16096437753260506,0.9771042227462243,0,0,0,0
3,polynomial7D,0.07907158225236532,-0.37163330116133486,-0.49673358987358274,0.8700212488288335,0.5238705084877886,-0.9515647893215697,0.4349526146068101,-0.09342246591443204
3,exponential,-0.8672275955900848,0,0,0,0,0,0,0
3,logarithmic,-0.2703306530754175,0,0,0,0,0,0,0
4,sigmoid,0.7819971317408969,-0.5681236570720825,0,0,0,0,0,0
4,linear,-0.9396196573509612,0.8116872926420371,0,0,0,0,0,0
4,polynomial2D,0.010324504995077977,0.8695922402213745,-0.47513163816150716,0,0,0,0,0
4,polynomial3D,-0.5905705858678487,0.990163192500513,0.19105078173902657,-0.3070931143304323,0,0,0,0
4,polynomial7D,-0.14675341011702492,0.34372119745019103,0.9832391375061849,-0.8335291877066306,0.029746752257636677,0.7811202939652133,-0.3474725672287433,0.6015841377454019
4,exponential,0.07593941118621306,0,0,0,0,0,0,0
4,logarithmic,0.6329340010189319,0,0,0,0,0,0,0
5,sigmoid,0.28953701168043033,-0.5133670994062183,0,0,0,0,0,0
5,linear,-0.08177566542950432,-0.5300067285638419,0,0,0,0,0,0
5,polynomial2D,-0.4965689828521196,-0.04305181202687258,0.1712744798004293,0,0,0,0,0
5,polynomial3D,-0.5004755939081538,0.8070371565570316,0.5367280626062569,-0.20394267587556936,0,0,0,0
5,polynomial7D,0.5716585196711512,-0.013528684667617252,-0.674170471061071,-0.9942587214738994,-0.49984944747425963,0.07281298303336126,-0.7185110543572064,-0.19195834475785523
5,exponential,0.018681938125048703,0,0,0,0,0,0,0
5,logarithmic,0.08348273885677004,0,0,0,0,0,0,0
6,sigmoid,0.10150755454934868,0.2741214552519533,0,0,0,0,0,0
6,linear,-0.48757666032867975,0.8681550095232047,0,0,0,0,0,0
6,polynomial2D,-0.6716633873534845,0.30869040773286605,-0.8147897518373799,0,0,0,0,0
6,polynomial3D,-0.6798464419614789,0.31725387725955545,0.8183592336348706,-0.9491205962555078,0,0,0,0
6,polynomial7D,0.8298296502979681,0.5449512094606419,-0.29775627567006047,-0.8411178987348749,-0.22494422557928773,0.9710512788252126,0.661499159894265,-0.5024698331571704
6,exponential,-0.5037913304244077,0,0,0,0,0,0,0
6,logarithmic,-0.5940290570344555,0,0,0,0,0,0,0
7,sigmoid,-0.3629085418690019,0.8909043017641669,0,0,0,0,0,0
7,linear,0.7134725169943623,0.5067505179231633,0,0,0,0,0,0
7,polynomial2D,0.7118326328595703,-0.2890791651125739,0.33884048787456944,0,0,0,0,0
7,polynomial3D,0.8676566282121252,0.5472624064639899,-0.8151027378078788,-0.881843286435271,0,0,0,0
7,polynomial7D,0.5382283208035823,0.2025694531074802,-0.7736686688483809,0.030383045057906122,-0.8195513682541493,-0.5245012078816271,0.05492463401283865,-0.5255283994597351
7,exponential,0.8310116126050038,0,0,0,0,0,0,0
7,logarithmic,0.40938829125500265,0,0,0,0,0,0,0
8,sigmoid,0.7594286220514628,-0.14665872681467085,0,0,0,0,0,0
8,linear,-0.2632651096756671,0.011328734701181897,0,0,0,0,0,0
8,polynomial2D,0.8681176089552849,-0.05441609764785804,-0.662355482499692,0,0,0,0,0
8,polynomial3D,-0.52784830905988,0.6714155899064285,0.9148222963329427,0.5276120825312705,0,0,0,0
8,polynomial7D,0.08281531201154824,0.9603215507334697,-0.5091220249894544,-0.12459107996867003,-0.056121861778550164,-0.342955095656569,0.9344315639819343,-0.11949246749792364
8,exponential,-0.7612640702210254,0,0,0,0,0,0,0
8,logarithmic,-0.36527671423917374,0,0,0,0,0,0,0
9,sigmoid,-0.05616155953622992,-0.7450242565670402,0,0,0,0,0,0
9,linear,0.19739847507008013,0.40858953899204864,0,0,0,0,0,0
9,polynomial2D,0.29579515815242896,0.24423004955237748,0.5250854021136122,0,0,0,0,0
9,polynomial3D,-0.7246441398957848,-0.07786716875111455,-0.727397099478595,-0.8927020165607897,0,0,0,0
9,polynomial7D,-0.7207607835728653,-0.7455554586680542,0.011228634631705647,-0.7494709605142691,0.1490886119912227,-0.7114287799814629,0.15975379915234056,-0.25115309647623985
9,exponential,-0.022881475868646417,0,0,0,0,0,0,0
9,logarithmic,-0.83736306114842,0,0,0,0,0,0,0
10,sigmoid,-0.3312506942294564,0.3789785611016987,0,0,0,0,0,0
10,linear,0.3741384414865008,0.15186297903599688,0,0,0,0,0,0
10,polynomial2D,-0.12032639714438087,0.9824152797434,-0.5688448845258465,0,0,0,0,0
10,polynomial3D,0.8338918685871439,-0.5555726565052959,-0.1428201616176792,0.4537539173165652,0,0,0,0
10,polynomial7D,0.3173308556131844,0.1570860419859914,-0.8561087369989693,0.9490665855878571,0.12212585856823677,-0.42894086080029203,-0.3547087665833608,0.27335408050115473
10,exponential,-0.16235953222372945,0,0,0,0,0,0,0
10,logarithmic,-0.020747213475489357,0,0,0,0,0,0,0
11,sigmoid,0.7982086653684317,0.23718471198695013,0,0,0,0,0,0
11,linear,-0.1865238439336041,-0.8969649906944701,0,0,0,0,0,0
11,polynomial2D,-0.057725873936640415,0.14913767881501716,-0.1707060051710707,0,0,0,0,0
11,polynomial3D,-0.3742938888741969,-0.09693597680011234,-0.16770921536457317,0.4009526459029582,0,0,0,0
11,polynomial7D,-0.40543292351095905,-0.11777438193633616,0.06227181187949937,-0.9839633081320007,0.9765625234279851,0.25314592338847497,-0.040139103144482435,-0.4375589278653387
11,exponential,-0.5343974875454678,0,0,0,0,0,0,0
11,logarithmic,-0.5563488015573625,0,0,0,0,0,0,0
12,sigmoid,0.2116906890094985,0.742451330203628,0,0,0,0,0,0
12,linear,-0.6707082619772509,0.36459296009822717,0,0,0,0,0,0
12,polynomial2D,0.3752709892970163,-0.5934423589768836,0.01754899053576886,0,0,0,0,0
12,polynomial3D,0.23654036784534038,0.23063034629454404,0.42973065027432145,-0.13910344870184344,0,0,0,0
12,polynomial7D,0.1659343437312173,0.7019153600943608,0.2941744134826969,0.6260136250228014,-0.05784365087971266,-0.9884492290988414,-0.45155171267842986,-0.16105232093377242
12,exponential,-0.19990673226002564,0,0,0,0,0,0,0
12,logarithmic,0.38638891067302206,0,0,0,0,0,0,0
13,sigmoid,-0.9343599080227369,-0.7505161267166951,0,0,0,0,0,0
13,linear,0.24819081476181193,-0.7528617019943311,0,0,0,0,0,0
13,polynomial2D,0.2597558058952827,-0.9042162953724491,-0.648258362542997,0,0,0,0,0
13,polynomial3D,0.9707994937502316,0.8921197594552095,0.10700841435417896,-0.8150690749868668,0,0,0,0
13,polynomial7D,0.7109007768452102,0.6784391404657031,-0.6953558480632662,0.14221534151099635,-0.5475689248739526,-0.4313959544074575,0.4124969978794686,0.16466470351252815
13,exponential,0.3020169942759796,0,0,0,0,0,0,0
13,logarithmic,0.8706336341315994,0,0,0,0,0,0,0
14,sigmoid,0.06240948538029123,0.027033318655010463,0,0,0,0,0,0
14,linear,-0.3128524179837373,0.8646329678268474,0,0,0,0,0,0
14,polynomial2D,0.08175008304950548,-0.31429855726623734,0.18109348106450418,0,0,0,0,0
14,polynomial3D,-0.5875827278118835,-0.8425424498090406,0.2027166841370993,-0.7044692350281685,0,0,0,0
14,polynomial7D,-0.9417930360884215,-0.780926356468185,0.7702012279355688,0.8446826587852565,0.5690372729435484,0.8407767812668974,0.38770263003224437,-0.24698509164325455
14,exponential,0.29785881830093897,0,0,0,0,0,0,0
14,logarithmic,-0.0330225270011264,0,0,0,0,0,0,0
15,sigmoid,-0.6976689578602031,-0.8523586763515505,0,0,0,0,0,0
15,linear,-0.5844906203959486,-0.15262040894534157,0,0,0,0,0,0
15,polynomial2D,-0.012329132693090772,-0.22925253972419424,-0.04218761900690926,0,0,0,0,0
15,polynomial3D,-0.5554658670272714,-0.8600412202279863,-0.30151193064871595,0.6337137169383933,0,0,0,0
15,polynomial7D,0.7379832490840803,-0.5159974161948386,-0.6304088709642532,-0.8083715684528958,0.8063052996121389,-0.7937428983190831,-0.3247109540955051,-0.9073911126721421
15,exponential,-0.5983668372123085,0,0,0,0,0,0,0
15,logarithmic,-0.19766267719528186,0,0,0,0,0,0,0
16,sigmoid,0.6090597534004714,-0.1861587603821495,0,0,0,0,0,0
16,linear,0.7218175845276984,0.18162703622567156,0,0,0,0,0,0
16,polynomial2D,-0.4798797023907131,-0.9653480685061264,-0.2992632649105411,0,0,0,0,0
16,polynomial3D,-0.2852121684996589,-0.8536006764511288,-0.8953150069611522,-0.4563075893235464,0,0,0,0
16,polynomial7D,0.5579942634309663,-0.5162394335385556,0.7061251103418731,0.3989917241890091,-0.7519982683318931,-0.12054104879321303,-0.2187813173072919,-0.09856988678896239
16,exponential,0.7267543037216799,0,0,0,0,0,0,0
16,logarithmic,-0.8705749362747293,0,0,0,0,0,0,0
17,sigmoid,0.3770205088843288,-0.24121717601995019,0,0,0,0,0,0
17,linear,0.5271504732610119,-0.6308721197814537,0,0,0,0,0,0
17,polynomial2D,0.6524848146624445,-0.991083135490568,-0.4706044473350608,0,0,0,0,0
17,polynomial3D,-0.8048286462824885,0.5266389192341181,-0.8880086296766754,-0.5263015755095726,0,0,0,0
17,polynomial7D,0.4385480641127788,0.8344038064384371,-0.15886957663914592,0.4694987162666795,-0.09346905384414783,-0.9614548871402704,-0.5415472649184152,-0.989244461211882
17,exponential,0.5765841932569888,0,0,0,0,0,0,0
17,logarithmic,-0.4233156544482777,0,0,0,0,0,0,0
18,sigmoid,-0.2620742756798573,0.8335170673662493,0,0,0,0,0,0
18,linear,-0.8504549864710211,0.833433520730261,0,0,0,0,0,0
18,polynomial2D,0.019286856648807804,0.1945890230541425,0.07882084862220173,0,0,0,0,0
18,polynomial3D,0.867953427321793,0.38916201349420065,0.20815690255936725,0.9425390619098761,0,0,0,0
18,polynomial7D,0.8399495319927208,0.2067163933813445,-0.3840814044148244,0.587481000214582,-0.5277660731830827,-0.9299401709316364,-0.7175483681559411,0.5409653223532163
18,exponential,-0.8215797353949339,0,0,0,0,0,0,0
18,logarithmic,0.8036051913472948,0,0,0,0,0,0,0
19,sigmoid,0.912109995541798,0.47674042144244066,0,0,0,0,0,0
19,linear,-0.38499666351659556,-0.21869464148619144,0,0,0,0,0,0
19,polynomial2D,-0.8631371349913262,0.1783066701899838,0.31109201540922515,0,0,0,0,0
19,polynomial3D,0.6942128299799015,-0.5150899756718761,-0.9030029152603289,0.43609918950399273,0,0,0,0
19,polynomial7D,0.6822523565861762,0.136669169337567,-0.13326153556245934,0.10138620175022073,-0.6746697561360411,0.7790402954421871,-0.7943201307592134,-0.2694400501444545
19,exponential,-0.8798727394600319,0,0,0,0,0,0,0
19,logarithmic,0.4449758306991365,0,0,0,0,0,0,0
20,sigmoid,0.39646119478668407,-0.1963065922706133,0,0,0,0,0,0
20,linear,0.1277002221130734,-0.8086081737265001,0,0,0,0,0,0
20,polynomial2D,-0.24576823493358302,0.9058934226252373,0.707539036678541,0,0,0,0,0
20,polynomial3D,0.8124864697764276,-0.8961430069849288,0.23119935203036834,-0.5932788452512416,0,0,0,0
20,polynomial7D,-0.5759810776823302,0.4055857324177363,0.21576568052422185,0.4645968313866027,0.27394297207887375,0.22796067164918932,-0.9014820858833072,-0.7308226622032552
20,exponential,0.4580692891099081,0,0,0,0,0,0,0
20,logarithmic,-0.3990981176224624,0,0,0,0,0,0,0
21,sigmoid,-0.9645041609560141,0.1264283817146108,0,0,0,0,0,0
21,linear,0.5106950595873365,-0.7057296948994081,0,0,0,0,0,0
21,polynomial2D,-0.3375726427596186,-0.9477431931844986,-0.020402343898012765,0,0,0,0,0
21,polynomial3D,-0.5684684265833171,0.9505290199727701,0.8465548314633964,-0.3411992807567541,0,0,0,0
21,polynomial7D,0.45463454172330553,-0.9446299007476038,0.06414765343297746,0.6280375711782717,-0.5238466215698157,-0.20659250464494772,-0.34760221160825644,0.9575010098212466
21,exponential,0.35274454620700024,0,0,0,0,0,0,0
21,logarithmic,-0.07237309075848786,0,0,0,0,0,0,0
22,sigmoid,-0.8638789379494891,-0.5813296626430866,0,0,0,0,0,0
22,linear,-0.018038258046348066,0.8418687088522872,0,0,0,0,0,0
22,polynomial2D,0.5231676803301546,0.4246062134381565,-0.6693441460188434,0,0,0,0,0
22,polynomial3D,0.15750742015395836,0.3995551029035447,0.1578018791834781,-0.2979659858182955,0,0,0,0
22,polynomial7D,0.6880774483589462,-0.23781264308394,0.26748419951762137,0.30980236966689634,0.9593576088513818,0.11491272683010356,0.39820925113923633,0.5426880470854762
22,exponential,0.3194187636186887,0,0,0,0,0,0,0
22,logarithmic,-0.9408377781369726,0,0,0,0,0,0,0
23,sigmoid,-0.25788306819837037,0.7803602327085712,0,0,0,0,0,0
23,linear,-0.42007516429833847,-0.1612307376308899,0,0,0,0,0,0
23,polynomial2D,0.1315339842679859,-0.7235303700777003,-0.024441088904255004,0,0,0,0,0
23,polynomial3D,-0.7463828622067825,-0.7049767955998172,0.15816572358478642,-0.7354685180833258,0,0,0,0
23,polynomial7D,-0.49644504977778725,0.4096730345134898,-0.8977976896409265,0.08213510710493055,0.5492691390274715,-0.5421052640548629,-0.8023394544567879,0.19316744260667917
23,exponential,0.6586545993455397,0,0,0,0,0,0,0
23,logarithmic,-0.9723798759712177,0,0,0,0,0,0,0
24,sigmoid,-0.10014080041337459,-0.14819598555655755,0,0,0,0,0,0
24,linear,0.9537118769248081,0.1359031034785656,0,0,0,0,0,0
24,polynomial2D,-0.9285483372432131,0.5520804562927897,0.2623250889519084,0,0,0,0,0
24,polynomial3D,-0.06556351714779018,0.9739833079273894,-0.5262681972824761,-0.46968742412798425,0,0,0,0
24,polynomial7D,0.9702547762333411,-0.12546938709233824,-0.39082943961293437,-0.9251662276066688,0.4329658741517899,-0.9736015028751968,0.7349504425731728,-0.006847822854271435
24,exponential,0.5027564890088729,0,0,0,0,0,0,0
24,logarithmic,0.8418891513228561,0,0,0,0,0,0,0
25,sigmoid,-0.5262090561788408,0.0593662756129163,0,0,0,0,0,0
25,linear,0.7010688129541043,-0.9110823040224598,0,0,0,0,0,0
25,polynomial2D,-0.3953517141110716,-0.5160039843815161,-0.5735589709627924,0,0,0,0,0
25,polynomial3D,0.7332510545775335,0.8949767788379928,-0.9095679482937591,-0.7130032620019409,0,0,0,0
25,polynomial7D,0.7663303646887762,0.8717134262879018,0.33599064439029,0.040670273278026414,-0.7033665861899652,-0.503558531270812,0.5506286611462323,-0.5576679908871447
25,exponential,0.5507706506383299,0,0,0,0,0,0,0
25,logarithmic,0.41790344951329206,0,0,0,0,0,0,0
26,sigmoid,-0.3308583354475729,0.49221678888940357,0,0,0,0,0,0
26,linear,0.8108627784077536,0.10913812122707256,0,0,0,0,0,0
26,polynomial2D,0.31802146000424125,-0.4391708203240099,-0.32204128170107427,0,0,0,0,0
26,polynomial3D,0.6962103265876536,0.32280174122827576,0.679088682454583,0.5995200983667683,0,0,0,0
26,polynomial7D,0.13276334824191527,0.5298613772968772,-0.41755008051992304,-0.7571352679496375,0.1826997101034551,-0.18753889892416797,-0.7610879613197361,-0.7670029422085713
26,exponential,-0.5338299930730923,0,0,0,0,0,0,0
26,logarithmic,0.2770231572862474,0,0,0,0,0,0,0
27,sigmoid,0.8063563801167655,-0.22916852724375225,0,0,0,0,0,0
27,linear,-0.6712439445724279,0.9820192353876045,0,0,0,0,0,0
27,polynomial2D,0.8543483858173917,0.1872479403148508,-0.47323213092604055,0,0,0,0,0
27,polynomial3D,-0.5179189228246217,-0.41062878607783837,0.010372318462452013,0.8190658716663559,0,0,0,0
27,polynomial7D,0.9350538910075461,-0.11781768723628816,-0.1481477720256803,0.2564591881041738,-0.13564003608032538,0.6295950809343851,0.8894016373185969,-0.08891819117259359
27,exponential,-0.43761610112379246,0,0,0,0,0,0,0
27,logarithmic,0.6372837933267588,0,0,0,0,0,0,0
28,sigmoid,-0.986379313491986,0.6066761294826162,0,0,0,0,0,0
28,linear,-0.6601655332281791,-0.9990774213939944,0,0,0,0,0,0
28,polynomial2D,0.47868734092163123,-0.48700540589534924,0.25769012676988856,0,0,0,0,0
28,polynomial3D,0.1906640124549528,0.029216008711843378,0.9009418844837245,0.8565274063114956,0,0,0,0
28,polynomial7D,0.8759379476161091,0.12094022965950946,-0.6557199468504769,0.20887489510864587,0.3440216769561599,0.4534861169648514,-0.6692169514703983,-0.44835972715743666
28,exponential,-0.40942510691493283,0,0,0,0,0,0,0
28,logarithmic,-0.7464667177202804,0,0,0,0,0,0,0
29,sigmoid,-0.902781151033643,-0.5017619749875053,0,0,0,0,0,0
29,linear,0.7017657904926293,0.9920394239796106,0,0,0,0,0,0
29,polynomial2D,0.7668731581274801,0.0841833818573754,0.6919395688873848,0,0,0,0,0
29,polynomial3D,0.048744489704541705,0.8686138093022346,0.02524521776853672,-0.8880104038052052,0,0,0,0
29,polynomial7D,-0.5048597202416234,-0.6648361950446706,0.948106985771161,-0.25184274140758633,0.10336203963648827,0.298227672022348,-0.5341610409645776,-0.36386953349555773
29,exponential,-0.3954576593553323,0,0,0,0,0,0,0
29,logarithmic,-0.31287949042532825,0,0,0,0,0,0,0
30,sigmoid,0.8284122610292068,-0.14572986501360696,0,0,0,0,0,0
30,linear,-0.019490764374208824,-0.050877109215241356,0,0,0,0,0,0
30,polynomial2D,-0.7556053189817533,-0.7375803761650168,0.008658916795400762,0,0,0,0,0
30,polynomial3D,-0.1902232186206907,0.5686801530742014,-0.6661842010287244,0.754556823726874,0,0,0,0
30,polynomial7D,0.9277843523016591,0.08389411211213904,-0.9833919033643304,-0.9602506562608608,-0.7112522331511184,-0.46489437310081394,0.10366372168215854,0.11104834963340293
30,exponential,-0.37284075605928657,0,0,0,0,0,0,0
30,logarithmic,-0.6005767161937272,0,0,0,0,0,0,0
31,sigmoid,-0.40998786511028995,-0.8327011313037516,0,0,0,0,0,0
31,linear,-0.8997278615888089,-0.7006619825261995,0,0,0,0,0,0
31,polynomial2D,-0.3109750337067836,-0.44834281484266847,0.9686034683099818,0,0,0,0,0
31,polynomial3D,-0.9032255969528287,0.4715362137261321,-0.38031288824938403,0.6721689921937044,0,0,0,0
31,polynomial7D,-0.7938616957743037,0.10559711037463582,0.527471114575373,-0.35688257817332447,-0.8226332053779888,-0.23994855026379835,-0.07505600968964266,-0.8124781611296177
31,exponential,-0.9829954607033766,0,0,0,0,0,0,0
31,logarithmic,0.03948881419304384,0,0,0,0,0,0,0
32,sigmoid,0.7531453832845187,-0.5644577795583499,0,0,0,0,0,0
32,linear,0.3139429158624423,-0.48366435113861983,0,0,0,0,0,0
32,polynomial2D,-0.5206538806011058,0.17475132627367906,0.9597319696713138,0,0,0,0,0
32,polynomial3D,0.6218048948969419,-0.45208727355867717,-0.7042450633552741,0.04696589275099128,0,0,0,0
32,polynomial7D,-0.5834963772922002,-0.9291250648204896,-0.47773737588772147,-0.08637418562066013,0.034792898778936765,0.1251657087134801,0.9984143759768909,-0.15264889314811203
32,exponential,0.5741952363660214,0,0,0,0,0,0,0
32,logarithmic,0.30594183291783406,0,0,0,0,0,0,0
33,sigmoid,0.7729463540456178,-0.7326707353945734,0,0,0,0,0,0
33,linear,-0.600003149540127,-0.5715430074658754,0,0,0,0,0,0
33,polynomial2D,-0.10013599249881144,0.919579728098384,0.5690071233292668,0,0,0,0,0
33,polynomial3D,0.590019632479521,-0.47440266139538445,-0.7110879664784364,0.785726072267299,0,0,0,0
33,polynomial7D,-0.4979273608510213,-0.4501809490126396,0.5706697878470095,-0.7563350988985496,0.13771980478882417,-0.8990934077504797,0.38650126506127136,0.35108446435655205
33,exponential,0.5903305709956705,0,0,0,0,0,0,0
33,logarithmic,-0.837524458340049,0,0,0,0,0,0,0
34,sigmoid,0.4045055765029715,-0.6601259455664128,0,0,0,0,0,0
34,linear,0.9160808524205271,-0.7422932086045448,0,0,0,0,0,0
34,polynomial2D,-0.19834109769330555,0.6092485227162585,-0.5199412269703285,0,0,0,0,0
34,polynomial3D,0.6000870449561382,0.17762968604991447,-0.5912143907119227,-0.8875119641224192,0,0,0,0
34,polynomial7D,-0.8249996419839212,-0.8572062817980954,0.8469588374932915,-0.63076045937647,-0.5695478907357849,0.19672954524950126,-0.14131949461279003,0.3101736403315811
34,exponential,-0.42638980343406674,0,0,0,0,0,0,0
34,logarithmic,0.22120699150668077,0,0,0,0,0,0,0
35,sigmoid,0.04405733070327145,0.7405670186793332,0,0,0,0,0,0
35,linear,0.8138557262781843,0.8730223274994748,0,0,0,0,0,0
35,polynomial2D,-0.7505773006019145,0.144034900451687,0.3421863114138688,0,0,0,0,0
35,polynomial3D,0.7407787752329325,0.45003054356062533,0.9229059191045061,0.9854623290347142,0,0,0,0
35,polynomial7D,0.5476479678569841,-0.6021399751168546,0.0701949528617285,0.016873267630479027,-0.9053119691274474,-0.7396941035163347,-0.9318690996090708,0.45369456054501955
35,exponential,0.08711296749506259,0,0,0,0,0,0,0
35,logarithmic,0.8904233460095838,0,0,0,0,0,0,0
36,sigmoid,0.7050484521064879,0.12130152982823272,0,0,0,0,0,0
36,linear,-0.22632672003273036,-0.9995249083393978,0,0,0,0,0,0
36,polynomial2D,0.3284214925446991,-0.6900741802463288,0.5466302196706256,0,0,0,0,0
36,polynomial3D,0.29000882524817095,0.6048003078999735,-0.46565887394564265,0.20555692731779662,0,0,0,0
36,polynomial7D,0.24490067081129907,0.43400508433007867,0.9725958810037938,0.38217917588180694,-0.0023779754727715208,-0.5842069539873707,0.8609041981967214,0.1333821015566512
36,exponential,0.47062208991148236,0,0,0,0,0,0,0
36,logarithmic,-0.2444725150180409,0,0,0,0,0,0,0
37,sigmoid,-0.7405515132567007,0.1991834663119314,0,0,0,0,0,0
37,linear,0.8061218885016583,0.37547308666890267,0,0,0,0,0,0
37,polynomial2D,-0.544280161777279,-0.4686510313789527,-0.10240363478028103,0,0,0,0,0
37,polynomial3D,-0.45828328669877183,-0.989596216761004,-0.06096158713677746,-0.23325082494604255,0,0,0,0
37,polynomial7D,-0.039869861988641286,-0.7666853985387427,-0.5273423543446203,-0.9738935317512145,-0.9773731593495427,0.7644697666257294,0.6870776694815417,-0.019200107332549843
37,exponential,0.5971588211006411,0,0,0,0,0,0,0
37,logarithmic,0.6214818028599811,0,0,0,0,0,0,0
38,sigmoid,-0.3322239024741651,-0.9386091257535258,0,0,0,0,0,0
38,linear,0.4981506630459742,0.6092776438445637,0,0,0,0,0,0
38,polynomial2D,0.39181570002685717,-0.6680389221371481,0.6007817736172407,0,0,0,0,0
38,polynomial3D,0.08614635966833761,0.22187373045281333,-0.3666161863655595,-0.1456056734741289,0,0,0,0
38,polynomial7D,-0.8917661726813426,-0.6134147757051813,-0.21037340325265386,-0.8300646357355175,0.20278272893354443,0.9926555590490647,-0.6361706328618117,0.304046405656363
38,exponential,0.1439097741617421,0,0,0,0,0,0,0
38,logarithmic,0.8167770735002284,0,0,0,0,0,0,0
39,sigmoid,-0.9143558303100363,-0.3174278038616962,0,0,0,0,0,0
39,linear,-0.260780787222475,0.787843386158416,0,0,0,0,0,0
39,polynomial2D,-0.07875132897178472,0.708500809032409,-0.9476335199850903,0,0,0,0,0
39,polynomial3D,0.5247111851299955,-0.7754666115418012,-0.33443499348268135,-0.8946924271418837,0,0,0,0
39,polynomial7D,0.6474074110161623,0.3562190455396552,-0.8039390343334176,0.5525026440124863,0.2614982392506029,-0.42782088930885687,-0.7619800205049674,-0.9666031352337929
39,exponential,-0.522424464519301,0,0,0,0,0,0,0
39,logarithmic,-0.3083781988944718,0,0,0,0,0,0,0
40,sigmoid,0.5822304246465793,-0.4909352446576656,0,0,0,0,0,0
40,linear,0.19954525626790232,-0.5810303277887494,0,0,0,0,0,0
40,polynomial2D,0.17296989795654483,-0.5075734338604474,0.9538593582503754,0,0,0,0,0
40,polynomial3D,0.34925047198921955,-0.3176637006328791,-0.03027510367079911,-0.9198262559721788,0,0,0,0
40,polynomial7D,-0.8576802622992001,-0.7954472523340217,-0.7322753892583544,0.8052636855080095,-0.48638436220080505,0.8240750093707281,0.4915217601799666,0.49337031318413027
40,exponential,-0.29381786241730845,0,0,0,0,0,0,0
40,logarithmic,0.6395007865635927,0,0,0,0,0,0,0
41,sigmoid,0.9433636761884974,0.598410940114027,0,0,0,0,0,0
41,linear,-0.9511346308495181,0.7870237363789261,0,0,0,0,0,0
41,polynomial2D,0.5526393037257216,-0.4294585736859222,0.5832121126431615,0,0,0,0,0
41,polynomial3D,-0.5208405375783742,-0.28496107754986544,-0.45454706168291303,0.16906120617334297,0,0,0,0
41,polynomial7D,0.12789399400561186,-0.573946569724253,0.6013027502167088,-0.64787084280106,0.4628228668090686,-0.7357247222493268,0.8541034351560206,0.9417962674843383
41,exponential,-0.22091694722099242,0,0,0,0,0,0,0
41,logarithmic,-0.8774802283202745,0,0,0,0,0,0,0
42,sigmoid,-0.49399223360675815,0.5543908271047402,0,0,0,0,0,0
42,linear,-0.3225078248965707,-0.28235874982645415,0,0,0,0,0,0
42,polynomial2D,-0.12387321472685664,-0.5905539608291188,0.8487177050542329,0,0,0,0,0
42,polynomial3D,-0.516441998430393,0.17034265145312322,0.7116738087304815,-0.3813592469634157,0,0,0,0
42,polynomial7D,-0.6063196137803828,0.23465495431097994,0.006819088135818552,-0.0714095045880645,0.2116397765981426,0.5170608600361037,0.41448304355897014,0.3335810468180933
42,exponential,-0.5114022132719787,0,0,0,0,0,0,0
42,logarithmic,0.2409625567400291,0,0,0,0,0,0,0
43,sigmoid,-0.453280935803013,-0.9772155905340274,0,0,0,0,0,0
43,linear,0.8030003979476796,0.7758619481993174,0,0,0,0,0,0
43,polynomial2D,0.6228139646936983,-0.5714078648132326,-0.8054769930093497,0,0,0,0,0
43,polynomial3D,0.07197763832757009,-0.4224050366989762,-0.8993579957592563,0.2786158325520842,0,0,0,0
43,polynomial7D,-0.26528111034893653,-0.109448148989568,-0.017714394743449047,0.5538019489619765,0.057734087407255164,-0.3573098577230309,0.035862144821278585,-0.22895296435902468
43,exponential,0.1232438693525506,0,0,0,0,0,0,0
43,logarithmic,-0.8303378176778844,0,0,0,0,0,0,0
44,sigmoid,-0.5044124440428368,-0.06651271444827955,0,0,0,0,0,0
44,linear,-0.598587265116769,-0.7637400606964806,0,0,0,0,0,0
44,polynomial2D,0.007274896615193205,-0.9068559742275639,0.1866866626027741,0,0,0,0,0
44,polynomial3D,-0.24526062952358352,-0.05398168553473215,-0.8307142033899828,0.6743169479931452,0,0,0,0
44,polynomial7D,0.8016485657034511,0.8889688041730686,0.5228724900619934,0.6814874806225744,-0.004412922671662489,0.5624625911559893,-0.654164167694494,-0.9328129195109964
44,exponential,-0.2876524048930007,0,0,0,0,0,0,0
44,logarithmic,-0.5205397025466709,0,0,0,0,0,0,0
45,sigmoid,0.6942491748701507,0.005150032365132118,0,0,0,0,0,0
45,linear,-0.8871660143600284,-0.8964332328445117,0,0,0,0,0,0
45,polynomial2D,-0.10692116626839265,0.4723394869677482,0.11512832671950357,0,0,0,0,0
45,polynomial3D,0.7708140148854321,-0.9591032333666494,0.22388815176786903,0.37133653799701527,0,0,0,0
45,polynomial7D,0.6097284687871447,-0.41621461853672503,-0.9577690860423387,0.8477168499431598,0.175860443965987,-0.09253667945803712,-0.13100505367154214,-0.5117028332102871
45,exponential,-0.29473014034545963,0,0,0,0,0,0,0
45,logarithmic,0.8000259729338925,0,0,0,0,0,0,0
46,sigmoid,-0.5220481476021206,-0.9674887285813274,0,0,0,0,0,0
46,linear,-0.7838299323617335,-0.8394519916977699,0,0,0,0,0,0
46,polynomial2D,0.8230234945083306,-0.5582244157341101,0.4582589006709583,0,0,0,0,0
46,polynomial3D,0.8679906870457104,-0.2950913095454113,-0.5544015425904769,-0.07239650026537192,0,0,0,0
46,polynomial7D,-0.6845187868274172,0.9195644439312081,0.5041654107399964,-0.33985133947800605,-0.02359596014623988,0.9580415390019019,0.6617179660057535,-0.8005498832754914
46,exponential,0.47429808050757827,0,0,0,0,0,0,0
46,logarithmic,0.052931751947668415,0,0,0,0,0,0,0
47,sigmoid,0.8623180915718303,-0.9252074868522926,0,0,0,0,0,0
47,linear,0.4799138712961857,0.12259200336831988,0,0,0,0,0,0
47,polynomial2D,-0.7096193635723747,0.5339822280902715,-0.5767789824930822,0,0,0,0,0
47,polynomial3D,0.03768969660533994,0.5706167320604629,0.8995457392628914,-0.18058353726240517,0,0,0,0
47,polynomial7D,-0.16802782789078807,0.22310591018514936,-0.9595536557128981,-0.3459388592119341,-0.37563039577968804,-0.10061559775409745,0.19291022056691176,-0.8150009039594559
47,exponential,-0.4007203368108707,0,0,0,0,0,0,0
47,logarithmic,0.22356910895090887,0,0,0,0,0,0,0
48,sigmoid,0.15706379147351224,-0.40970728171707327,0,0,0,0,0,0
48,linear,-0.6361614074922319,0.9460919395763976,0,0,0,0,0,0
48,polynomial2D,-0.18374738161913373,0.28744459225788566,0.6227716107199956,0,0,0,0,0
48,polynomial3D,-0.6305174325455261,0.2005600656965254,-0.1363327568528514,0.709666481618006,0,0,0,0
48,polynomial7D,-0.4921144606347596,-0.28680238127229174,-0.8621530774000912,0.9783617201538093,0.08357608532307625,-0.33234114036226203,0.3494609508903386,0.4078506781501696
48,exponential,-0.4934042656458826,0,0,0,0,0,0,0
48,logarithmic,-0.7827982102927167,0,0,0,0,0,0,0
49,sigmoid,0.542340094132969,-0.41971393877253016,0,0,0,0,0,0
49,linear,0.25538338760703483,-0.6321426982640685,0,0,0,0,0,0
49,polynomial2D,0.7994251316655856,0.958201593999912,-0.7908909195239262,0,0,0,0,0
49,polynomial3D,-0.9163961195177466,-0.6032374374849401,-0.33468516907891277,-0.29787262134185855,0,0,0,0
49,polynomial7D,0.8821303473131956,0.8206974259788209,0.8263516695008013,0.14451538067048686,0.013370864321102127,0.14505650299110773,0.18842065787926132,0.27380548414382355
49,exponential,0.20153190707750945,0,0,0,0,0,0,0
49,logarithmic,-0.26138069133495945,0,0,0,0,0,0,0
50,sigmoid,0.10171466765469983,-0.22557658817072834,0,0,0,0,0,0
50,linear,0.4601727449157935,0.2831857880053903,0,0,0,0,0,0
50,polynomial2D,0.07545998768302442,-0.579066498049918,0.06816295605292133,0,0,0,0,0
50,polynomial3D,0.4391939221027359,0.0024841909109398763,-0.4239842901789286,0.7791803652920586,0,0,0,0
50,polynomial7D,0.5146494321447073,0.05545168320979488,0.7824972356351063,0.39775605088303,0.5627267159044032,-0.833388656562525,-0.31809862649981824,-0.5659830732536173
50,exponential,-0.3422465425444132,0,0,0,0,0,0,0
50,logarithmic,0.9856688252375498,0,0,0,0,0,0,0
51,sigmoid,0.6323522457966453,0.16410203352606656,0,0,0,0,0,0
51,linear,-0.6977222902703908,-0.537499218337149,0,0,0,0,0,0
51,polynomial2D,0.9638345567003352,0.6923069060091214,0.45132234899172397,0,0,0,0,0
51,polynomial3D,0.31644780042898546,-0.16607832019636448,-0.04556663249974746,0.5841299927732353,0,0,0,0
51,polynomial7D,-0.08100429061330927,-0.2505568722080833,-0.28171986052713627,-0.6532465068101811,0.6701874517224828,-0.4393493598171081,-0.7873450791627798,-0.9841137599885166
51,exponential,0.3481328081058339,0,0,0,0,0,0,0
51,logarithmic,0.6883886301179094,0,0,0,0,0,0,0
52,sigmoid,0.3527652696955925,-0.575821185840087,0,0,0,0,0,0
52,linear,-0.5773803760103311,0.8397956512769029,0,0,0,0,0,0
52,polynomial2D,0.7269515284353469,0.49502915283822,0.5171788743135535,0,0,0,0,0
52,polynomial3D,0.4309812496016765,-0.16187442256149165,0.054694175689294244,-0.15027653476807723,0,0,0,0
52,polynomial7D,-0.3648116831277173,0.8839573685872057,-0.4947037272792305,-0.8054784156137493,-0.5100998954520062,0.9408545278714222,0.7045674150910031,0.1726398623706562
52,exponential,0.38594569082811536,0,0,0,0,0,0,0
52,logarithmic,-0.48636978407647824,0,0,0,0,0,0,0
53,sigmoid,0.3786291935541559,0.6256055258304143,0,0,0,0,0,0
53,linear,0.40872020771576456,-0.22062233175542612,0,0,0,0,0,0
53,polynomial2D,-0.9937295650914952,-0.0645869883913408,-0.9867659538875275,0,0,0,0,0
53,polynomial3D,0.5247037368893155,0.6637079576598512,0.7068778021185782,0.7565180682129931,0,0,0,0
53,polynomial7D,-0.7275149030339962,0.6236773692410156,0.8533719390773118,0.16760869564490521,-0.9705313302804581,0.9955328109401858,0.841853810582563,0.8097880156431942
53,exponential,0.3040720918844737,0,0,0,0,0,0,0
53,logarithmic,-0.5638374909192556,0,0,0,0,0,0,0
54,sigmoid,-0.5281902840798494,0.9240709660010187,0,0,0,0,0,0
54,linear,0.5641278789886099,0.6457451080618866,0,0,0,0,0,0
54,polynomial2D,0.676904490998691,-0.9557814072696211,0.921096242294807,0,0,0,0,0
54,polynomial3D,0.7819966401676453,0.25042434855642015,-0.6655183083770446,-0.9141025155954909,0,0,0,0
54,polynomial7D,0.39904448010832394,0.7222157448042952,0.5796704292428465,-0.04530577195960239,-0.99059945776483,0.08637199002542562,0.6620855583192786,-0.39349877283097157
54,exponential,-0.8774627162554429,0,0,0,0,0,0,0
54,logarithmic,0.29658030747229613,0,0,0,0,0,0,0
55,sigmoid,0.78347476086823,-0.6652184133435359,0,0,0,0,0,0
55,linear,0.014770680938211767,-0.7647904948087567,0,0,0,0,0,0
55,polynomial2D,-0.23860513782673975,-0.2516582702868799,-0.04794970804630516,0,0,0,0,0
55,polynomial3D,0.34391785862926283,0.9717917384688615,-0.5645266282442898,-0.6953772336169868,0,0,0,0
55,polynomial7D,-0.21846842741196837,0.5338024460549593,0.6264521911737502,0.07278251701298077,0.9997479241246523,-0.4484177545681962,-0.9703887231987667,0.2338091176001864
55,exponential,-0.0373447031199976,0,0,0,0,0,0,0
55,logarithmic,-0.45411131307044683,0,0,0,0,0,0,0
56,sigmoid,-0.20611787318740582,0.22494899349309017,0,0,0,0,0,0
56,linear,0.06830665857463392,0.7796584504834188,0,0,0,0,0,0
56,polynomial2D,-0.8043973950855574,0.41765047121069565,-0.6626755321194442,0,0,0,0,0
56,polynomial3D,-0.5483873921321101,-0.6573477384577759,-0.17669878581778264,0.009698394033742064,0,0,0,0
56,polynomial7D,-0.5228710014028599,-0.5656645158943148,-0.3164769647254,-0.8753622969522983,-0.45562353229613217,0.8894341187962709,0.3748179820605535,0.9506434577406575
56,exponential,0.33203735025608494,0,0,0,0,0,0,0
56,logarithmic,-0.3748995015759453,0,0,0,0,0,0,0
57,sigmoid,0.01263084664724845,-0.4718181975248221,0,0,0,0,0,0
57,linear,-0.662059693051168,0.9727636839823686,0,0,0,0,0,0
57,polynomial2D,-0.18128763517450497,-0.7109049053104768,-0.9755583638384318,0,0,0,0,0
57,polynomial3D,-0.1488859248600518,0.37926833930290194,0.6857235892682727,0.7408779391067684,0,0,0,0
57,polynomial7D,0.4748577240869698,0.064638789597673,0.4553301545586206,0.19846977752302464,0.7417878195327072,-0.7032043771055212,0.6896499434341583,0.1373556402366929
57,exponential,0.7548116823773701,0,0,0,0,0,0,0
57,logarithmic,-0.5527112979142637,0,0,0,0,0,0,0
58,sigmoid,0.7310449142150952,0.5505400270315293,0,0,0,0,0,0
58,linear,0.9021213277920921,0.971288632215813,0,0,0,0,0,0
58,polynomial2D,0.9702790730098716,0.9055554421391496,-0.5914998335676722,0,0,0,0,0
58,polynomial3D,-0.17005889217386883,-0.03454787488130595,-0.057222446278345274,-0.8719781793512544,0,0,0,0
58,polynomial7D,-0.6344129109009438,-0.7525437114807081,-0.4601590632837811,-0.09958203176849878,-0.3982099171539919,-0.9066367169414467,0.6387097197909051,-0.3790481747838652
58,exponential,-0.7212248567117845,0,0,0,0,0,0,0
58,logarithmic,0.7638863831285001,0,0,0,0,0,0,0
59,sigmoid,0.06513516794356633,0.039958029698250686,0,0,0,0,0,0
59,linear,0.5384108777664314,0.8003679693865591,0,0,0,0,0,0
59,polynomial2D,0.15851005448769584,-0.7031163766282269,0.21884045689503484,0,0,0,0,0
59,polynomial3D,-0.9596450728388233,-0.8013871531228431,0.1689399062189656,0.0007811165928377495,0,0,0,0
59,polynomial7D,0.6866141357783073,0.019317660922728352,0.696259820283516,0.28264510336277016,0.9636671625783897,0.5568609212245534,0.2684431723314109,-0.14353688252019792
59,exponential,-0.7459042852824327,0,0,0,0,0,0,0
59,logarithmic,0.45011626862049936,0,0,0,0,0,0,0
60,sigmoid,-0.04043264950809067,0.568816330521466,0,0,0,0,0,0
60,linear,-0.1555782378313748,-0.37406087353448636,0,0,0,0,0,0
60,polynomial2D,-0.13235695077436493,-0.9969914892371736,0.523534799084471,0,0,0,0,0
60,polynomial3D,0.8618575134160993,-0.27248214711435326,-0.39323198696807804,0.9760367674969705,0,0,0,0
60,polynomial7D,-0.7808416094339194,-0.9116821300381606,0.6548660007438796,-0.8387568718963585,0.8138297856263408,-0.5444444679934666,0.8491600278766991,0.7698467580773904
60,exponential,0.10067166293517382,0,0,0,0,0,0,0
60,logarithmic,-0.506245135625629,0,0,0,0,0,0,0
61,sigmoid,0.28765640333391795,0.49943662161940594,0,0,0,0,0,0
61,linear,0.1959899847749076,-0.24954882423842428,0,0,0,0,0,0
61,polynomial2D,0.22407095054570458,0.22943491529937798,-0.6116540991515811,0,0,0,0,0
61,polynomial3D,0.9566396950985043,0.6675684025231337,-0.9235860993718878,0.5563064114050884,0,0,0,0
61,polynomial7D,-0.627670830582878,-0.7685534824934703,-0.14295994757668584,-0.570394991915852,0.4173510564434868,0.0896433764414808,-0.5005562620700166,-0.5704992375774309
61,exponential,0.3777074748833662,0,0,0,0,0,0,0
61,logarithmic,0.44061638716023244,0,0,0,0,0,0,0
62,sigmoid,0.9969695515726518,0.2530902266894468,0,0,0,0,0,0
62,linear,0.7096708074295568,-0.9916961410551486,0,0,0,0,0,0
62,polynomial2D,0.07152489695472952,0.4668253632386581,0.1953877643723403,0,0,0,0,0
62,polynomial3D,-0.9864998955973923,-0.19767484327004348,-0.2629534876796953,0.03654791574822336,0,0,0,0
62,polynomial7D,0.1578183715141508,0.9015055138705186,-0.9135793700369441,-0.974976071365379,-0.7401498235459372,0.15210086442020976,0.38491918379983026,-0.6766629169377378
62,exponential,0.29603561541576306,0,0,0,0,0,0,0
62,logarithmic,-0.2863080164443046,0,0,0,0,0,0,0
63,sigmoid,0.35879650902879145,-0.24854833361166762,0,0,0,0,0,0
63,linear,-0.1970048686764989,-0.8025911133042305,0,0,0,0,0,0
63,polynomial2D,-0.37055826118556046,0.5218397470394562,0.45345787978498775,0,0,0,0,0
63,polynomial3D,0.7332271767659508,0.5111300549234645,0.45201193401476303,-0.8463076676761656,0,0,0,0
63,polynomial7D,-0.027021088152927364,-0.29172767403394695,-0.793554390008717,0.8561858899813017,-0.4257053761102312,-0.17014376796155783,-0.8090451058179093,-0.18173208572253463
63,exponential,-0.8164159311670995,0,0,0,0,0,0,0
63,logarithmic,-0.8702674915239694,0,0,0,0,0,0,0
64,sigmoid,-0.44707976846367914,-0.11739622872514555,0,0,0,0,0,0
64,linear,-0.6554138625609218,-0.08265557709257743,0,0,0,0,0,0
64,polynomial2D,0.34221383178145603,0.5683504177545378,-0.043038410200546995,0,0,0,0,0
64,polynomial3D,-0.7383386862230996,0.93856765187709,0.5022513680747269,-0.7301227788673292,0,0,0,0
64,polynomial7D,-0.5446624634927135,-0.8730476131367344,0.12981124285423196,-0.0790192708079982,-0.7646560328901921,0.48701630881458,-0.5953875760778862,-0.7437126531309077
64,exponential,-0.44025066464934137,0,0,0,0,0,0,0
64,logarithmic,0.6298290571048897,0,0,0,0,0,0,0
65,sigmoid,-0.7125361241342762,-0.09188761280858926,0,0,0,0,0,0
65,linear,-0.5308924172318936,0.7290747412340757,0,0,0,0,0,0
65,polynomial2D,0.8404440958173034,-0.09215355481788001,-0.8386265687959185,0,0,0,0,0
65,polynomial3D,-0.2566327489804774,0.6349406767626218,-0.9484580243433605,-0.15825502953761972,0,0,0,0
65,polynomial7D,-0.43279351810887445,0.4707064142774344,0.6770838115937228,-0.9533373871704132,-0.2790685302474889,-0.8029994305751822,-0.7863412576736439,0.352653761091136
65,exponential,0.12755381497612595,0,0,0,0,0,0,0
65,logarithmic,-0.7006937156947863,0,0,0,0,0,0,0
66,sigmoid,0.21280162763849875,-0.5221033044781425,0,0,0,0,0,0
66,linear,-0.6332313835789762,-0.7413548960473848,0,0,0,0,0,0
66,polynomial2D,-0.29152248689714955,0.5001424597314108,-0.4862220137215463,0,0,0,0,0
66,polynomial3D,-0.7051871342577669,0.08449226417305167,-0.18413994135491185,-0.12778303403119007,0,0,0,0
66,polynomial7D,-0.17526596123995608,-0.043977871644431676,-0.3399550582778603,0.039424349358214705,0.049135553865602866,-0.31714112657173743,-0.586637427498655,-0.4907896427410898
66,exponential,0.8593091344696406,0,0,0,0,0,0,0
66,logarithmic,-0.3775587067309789,0,0,0,0,0,0,0
67,sigmoid,-0.6039302724807629,-0.28597902145525844,0,0,0,0,0,0
67,linear,-0.5207673689375565,-0.265769569178925,0,0,0,0,0,0
67,polynomial2D,-0.5419786077309199,-0.0645914220533319,0.4270201008506149,0,0,0,0,0
67,polynomial3D,0.17704461735379673,0.712920084818228,-0.007250062522700995,-0.32672164343510457,0,0,0,0
67,polynomial7D,0.8185098482669122,-0.26027848661307584,0.8415746186515272,0.7090312381266668,0.4876346869123873,0.07632097355553413,-0.9386155381870103,0.5502204040667737
67,exponential,0.8088757671803501,0,0,0,0,0,0,0
67,logarithmic,-0.833466012821515,0,0,0,0,0,0,0
68,sigmoid,0.9265300184614333,-0.43919112338902777,0,0,0,0,0,0
68,linear,0.8505531993279232,0.893099222779697,0,0,0,0,0,0
68,polynomial2D,-0.27487614775214797,-0.4453195005517929,0.42747826165739267,0,0,0,0,0
68,polynomial3D,0.4680228203810959,-0.3156176062666245,0.8059620344749288,0.3880160734439897,0,0,0,0
68,polynomial7D,-0.9472913892982111,0.05927208236931669,0.7562854988222525,0.4158885596493722,0.2827311490462634,0.13240347491074012,-0.491416247366921,0.8770221843773913
68,exponential,-0.9447908840294255,0,0,0,0,0,0,0
68,logarithmic,0.24481323978655856,0,0,0,0,0,0,0
69,sigmoid,-0.5855549936857432,-0.9101800793300094,0,0,0,0,0,0
69,linear,-0.3403703898378232,-0.9605796407998721,0,0,0,0,0,0
69,polynomial2D,-0.3639784706196343,0.22349500397591826,-0.09652954473244701,0,0,0,0,0
69,polynomial3D,0.8725553085365318,-0.1406933283627705,-0.3311671246393453,0.8087577362672675,0,0,0,0
69,polynomial7D,-0.21816524600466947,-0.15517837317986194,-0.43200430275722534,-0.022705800448090674,-0.5354919782249297,-0.8326327694558517,0.11739309491285388,-0.2463749666735391
69,exponential,0.8470028380795427,0,0,0,0,0,0,0
69,logarithmic,-0.145673412124121,0,0,0,0,0,0,0
70,sigmoid,-0.07341800659386877,-0.823112909751293,0,0,0,0,0,0
70,linear,-0.5139033013409546,-0.9393747862254911,0,0,0,0,0,0
70,polynomial2D,-0.4408319292452514,-0.5582240770152085,0.6572843337711065,0,0,0,0,0
70,polynomial3D,-0.5902264075366939,0.9906697364709258,0.5998012114811537,0.008733126673156733,0,0,0,0
70,polynomial7D,-0.4467339982513112,-0.45363312722966587,0.18950755503782024,-0.3628224608636941,-0.43394185866601953,-0.647521786390794,0.9398340883076086,0.8055198311591485
70,exponential,0.36391636861564813,0,0,0,0,0,0,0
70,logarithmic,-0.8234266493569726,0,0,0,0,0,0,0
71,sigmoid,0.896814225541491,0.9861058532058757,0,0,0,0,0,0
71,linear,-0.6100441871313262,0.5141341448357122,0,0,0,0,0,0
71,polynomial2D,-0.16450058235234621,0.35037467649016096,-0.9150241015214988,0,0,0,0,0
71,polynomial3D,0.9637044568199833,0.7675929990076058,-0.9270559448061659,-0.22565241263533098,0,0,0,0
71,polynomial7D,-0.1700575496697887,-0.5944889286391215,-0.935820630501081,0.43378200921696375,-0.12589422642351944,-0.2099522586466629,0.04073451561741748,-0.8551627887455566
71,exponential,0.5515677576818243,0,0,0,0,0,0,0
71,logarithmic,-0.6308546395936829,0,0,0,0,0,0,0
72,sigmoid,0.6556201179025325,-0.7019415112687293,0,0,0,0,0,0
72,linear,-0.7622745472440469,-0.9296886069019004,0,0,0,0,0,0
72,polynomial2D,0.5473307761896165,0.6444859030062455,0.8637042342912042,0,0,0,0,0
72,polynomial3D,-0.06989298705522096,0.0009689215676154106,0.5234849246603521,-0.9744040048873648,0,0,0,0
72,polynomial7D,0.03018606266527879,0.5591810168145162,0.6567866617451525,-0.29356282215259566,0.999185305993683,0.5639948133027668,-0.7102505632696734,-0.9743273718082863
72,exponential,-0.7604334592059807,0,0,0,0,0,0,0
72,logarithmic,-0.1214823851788589,0,0,0,0,0,0,0
73,sigmoid,-0.05167640956300312,-0.7197284310604066,0,0,0,0,0,0
73,linear,-0.023110779199255083,-0.835487846246469,0,0,0,0,0,0
73,polynomial2D,-0.7060685255840204,0.10570097058519679,-0.033705031628550985,0,0,0,0,0
73,polynomial3D,0.9952698538715261,-0.4569064237630691,0.6028144427043476,0.6611202756425325,0,0,0,0
73,polynomial7D,-0.22001255677481346,-0.8043700159250358,0.9143621154553678,-0.6200925894539175,-0.0688335855991169,-0.6762896604343775,-0.45715288428969836,-0.44709429920987853
73,exponential,0.47347028308231054,0,0,0,0,0,0,0
73,logarithmic,0.6765147915205583,0,0,0,0,0,0,0
74,sigmoid,-0.6429126416029827,0.14725964466956576,0,0,0,0,0,0
74,linear,0.2819112647217197,-0.39094204306898983,0,0,0,0,0,0
74,polynomial2D,0.6648849725459418,-0.96800098743683,0.17428125092891555,0,0,0,0,0
74,polynomial3D,0.9057877112111539,-0.9330706739820418,0.9718637698563928,0.36532540952136383,0,0,0,0
74,polynomial7D,0.14820483125067718,-0.44419309718969835,0.976904194538889,0.4919174425892088,-0.41396805467962916,-0.2397201554833095,-0.9529225579886234,0.6309376639004487
74,exponential,-0.46228560530245644,0,0,0,0,0,0,0
74,logarithmic,0.6555285911580915,0,0,0,0,0,0,0
75,sigmoid,-0.27167364498460067,0.3212584289176994,0,0,0,0,0,0
75,linear,-0.010081451467255809,-0.28614183106293556,0,0,0,0,0,0
75,polynomial2D,0.9274537549091655,-0.4870562150733053,-0.7323262763941498,0,0,0,0,0
75,polynomial3D,0.5905076428861924,-0.09809550824743996,-0.5660040632302215,0.924707230187179,0,0,0,0
75,polynomial7D,-0.5862300080834453,-0.8153382994021741,0.4864628515463554,-0.7276412289566165,-0.645969789113479,-0.345181009970559,0.16120515587314221,-0.5041236578119157
75,exponential,-0.4480079240397272,0,0,0,0,0,0,0
75,logarithmic,0.61046039228613,0,0,0,0,0,0,0
76,sigmoid,0.9323334130511041,0.9565162864341774,0,0,0,0,0,0
76,linear,-0.31367054612191847,-0.228031914922451,0,0,0,0,0,0
76,polynomial2D,-0.446291237532918,-0.468735455433158,-0.10808246300706692,0,0,0,0,0
76,polynomial3D,0.14874962037374773,-0.3868144761765375,0.2207771335815769,0.5056897307335402,0,0,0,0
76,polynomial7D,-0.6511975222376012,0.07450287298473346,0.9843389055497263,-0.9448326248739931,0.7949174238732639,0.8320971891165583,0.1497654071213237,-0.9152395065135792
76,exponential,0.6013194051429951,0,0,0,0,0,0,0
76,logarithmic,-0.45789931334053957,0,0,0,0,0,0,0
77,sigmoid,0.4091365256374513,-0.3086724383300292,0,0,0,0,0,0
77,linear,0.22678639848706594,-0.19390649178555064,0,0,0,0,0,0
77,polynomial2D,0.07633799167449928,-0.790787375347527,0.14421536639482002,0,0,0,0,0
77,polynomial3D,0.6262986868410365,0.11493841342211031,-0.1742318265262781,-0.3750687892835547,0,0,0,0
77,polynomial7D,-0.22831204862925714,-0.3099226111521558,-0.7273577507422109,-0.1319307777636658,-0.39069044806278486,-0.4889156746724985,0.741955568003067,0.33457353178115645
77,exponential,0.3245522974685324,0,0,0,0,0,0,0
77,logarithmic,-0.8029439426961236,0,0,0,0,0,0,0
78,sigmoid,-0.2864480202020965,0.35867857403807113,0,0,0,0,0,0
78,linear,0.5948089333668993,0.9210340656479847,0,0,0,0,0,0
78,polynomial2D,-0.02596887070322329,-0.30501893298511784,-0.11988496680167726,0,0,0,0,0
78,polynomial3D,0.015999857579707566,0.022092991874610446,-0.32907375436111286,0.786455475330543,0,0,0,0
78,polynomial7D,0.3687924793637838,-0.6036267486088094,0.9446954148153603,-0.4151473878132952,-0.9587109392890882,-0.9918290478210201,-0.5334056775929774,-0.7753705595972775
78,exponential,0.4013635435766285,0,0,0,0,0,0,0
78,logarithmic,0.2897825692434244,0,0,0,0,0,0,0
79,sigmoid,-0.8900229945801168,-0.055958281592424663,0,0,0,0,0,0
79,linear,0.2683671182116838,-0.48373403238571755,0,0,0,0,0,0
79,polynomial2D,-0.03464089607047871,-0.9980981526520705,-0.9524228512043262,0,0,0,0,0
79,polynomial3D,0.1464493056988312,-0.6889153419659728,-0.5432246414950788,0.7529070542981158,0,0,0,0
79,polynomial7D,0.07769110328219475,-0.002445745847770242,0.7227696798527092,-0.18164756424473927,0.900527734658958,-0.6973259485520227,-0.43785488036090525,-0.607945149188247
79,exponential,-0.916803614299974,0,0,0,0,0,0,0
79,logarithmic,-0.7843542686737326,0,0,0,0,0,0,0
80,sigmoid,-0.3418712754321702,-0.7360522067280899,0,0,0,0,0,0
80,linear,0.9538401448625102,0.7164879324448019,0,0,0,0,0,0
80,polynomial2D,-0.4882574303024445,0.11924536268652952,0.6531201030497815,0,0,0,0,0
80,polynomial3D,-0.8609144595182949,0.44149627985685136,-0.5741910278627809,0.060744107527049396,0,0,0,0
80,polynomial7D,-0.14603225592008995,0.40729454608632754,-0.47459240847792383,-0.6325312595748762,0.5331989122328733,0.4594391759461529,0.5868718210822534,0.5426534371744383
80,exponential,-0.9897729803942961,0,0,0,0,0,0,0
80,logarithmic,0.04285439362719212,0,0,0,0,0,0,0
81,sigmoid,-0.1254716164596812,-0.4248208532425086,0,0,0,0,0,0
81,linear,0.6924775163435246,0.0366272408543864,0,0,0,0,0,0
81,polynomial2D,-0.04022786994139027,0.480802060911349,0.2207742162365074,0,0,0,0,0
81,polynomial3D,-0.2893148435752626,-0.12895249637445416,-0.35869867773558584,0.3394674812851437,0,0,0,0
81,polynomial7D,0.03347089407850312,-0.913653421479284,0.07070045940610581,0.5080724723714987,-0.3798776169115252,0.04429765232438099,0.302569221677476,0.47915223445394073
81,exponential,-0.33529591929017455,0,0,0,0,0,0,0
81,logarithmic,-0.22349904629008144,0,0,0,0,0,0,0
82,sigmoid,-0.6870668481629523,0.12029875994331918,0,0,0,0,0,0
82,linear,0.8596910159767668,-0.1755632308194579,0,0,0,0,0,0
82,polynomial2D,0.602381001867887,0.7237390626469427,-0.3173989772807644,0,0,0,0,0
82,polynomial3D,-0.4636378696363508,-0.6373730881156943,0.5627688690050618,0.3638581540976842,0,0,0,0
82,polynomial7D,-0.33230741331955205,-0.0408714350849273,0.4923453281825463,-0.016359492567358247,-0.23149096480442766,0.8867459436379277,0.6777097253924949,0.5402363981941041
82,exponential,-0.14669937810617006,0,0,0,0,0,0,0
82,logarithmic,-0.7523954620658759,0,0,0,0,0,0,0
83,sigmoid,-0.5303773895099477,-0.8420642699846299,0,0,0,0,0,0
83,linear,-0.31114774055954086,0.8114238692227653,0,0,0,0,0,0
83,polynomial2D,-0.741183755159764,0.6564020543390443,-0.723077135448102,0,0,0,0,0
83,polynomial3D,-0.28889372727250606,0.0968192305833866,0.055150087011089255,-0.2715479862745309,0,0,0,0
83,polynomial7D,0.8432794710946261,-0.8255999801289446,-0.0845698652096476,0.191667667433862,0.4279106563076247,0.05149598250130327,0.6066660240409851,-0.9081259166421771
83,exponential,0.06269700855303073,0,0,0,0,0,0,0
83,logarithmic,0.330414774416266,0,0,0,0,0,0,0
84,sigmoid,0.48529049272819247,-0.3130544469495058,0,0,0,0,0,0
84,linear,0.49382554240587706,-0.7547821078438097,0,0,0,0,0,0
84,polynomial2D,-0.13534678118160715,0.20062944800697924,0.2789344852241238,0,0,0,0,0
84,polynomial3D,-0.09330201052256637,0.8655703618885691,-0.07177875972315162,0.2725966563177187,0,0,0,0
84,polynomial7D,-0.2150188238121733,0.3508054778479963,0.2134067664190522,-0.20433239515577073,0.8613559048392105,0.9629527844371206,0.11963571390509053,-0.842590240980128
84,exponential,-0.845941456835287,0,0,0,0,0,0,0
84,logarithmic,-0.6696196241174306,0,0,0,0,0,0,0
85,sigmoid,0.20685810318924558,0.5817374673617326,0,0,0,0,0,0
85,linear,0.5854081029424756,-0.2164757611395023,0,0,0,0,0,0
85,polynomial2D,-0.5331664421458078,-0.18730547055811342,-0.39840742760360803,0,0,0,0,0
85,polynomial3D,0.3371918196600747,-0.9876231276441816,-0.39619880996274626,-0.20861665092917203,0,0,0,0
85,polynomial7D,-0.4175079028163553,-0.8250876859394276,-0.5770616859635593,0.6945686522786805,0.05061735075745921,0.2814968667920865,-0.08150504990534091,-0.8037444897320702
85,exponential,-0.27902662194131556,0,0,0,0,0,0,0
85,logarithmic,-0.3854607037087523,0,0,0,0,0,0,0
86,sigmoid,0.5876400563418398,0.9925009200699932,0,0,0,0,0,0
86,linear,-0.12966915839241833,0.2805619673509625,0,0,0,0,0,0
86,polynomial2D,-0.040237459721429,-0.8682720815927683,0.3950242730668019,0,0,0,0,0
86,polynomial3D,-0.9799611956516125,0.6701981832915831,-0.8181612191323524,-0.5390802228194189,0,0,0,0
86,polynomial7D,-0.700638741581805,0.8686674969059369,0.9065029439553562,-0.18683536484293484,-0.6089587151911271,0.7016827474778016,0.5712605331249296,0.47913565632393484
86,exponential,-0.2559848173544159,0,0,0,0,0,0,0
86,logarithmic,0.1702522238335138,0,0,0,0,0,0,0
87,sigmoid,0.06906184327227294,0.23363342382079133,0,0,0,0,0,0
87,linear,0.9337315833672042,0.3708112474229692,0,0,0,0,0,0
87,polynomial2D,0.2740460579329498,-0.3043480039406705,-0.07878661954086352,0,0,0,0,0
87,polynomial3D,-0.39620050117231753,0.7286898647421656,-0.495172270505452,-0.14393109333056575,0,0,0,0
87,polynomial7D,-0.8784372191470717,-0.2873240945830109,-0.22768834883352085,0.5090556912877366,-0.8791070283224534,0.6255883438506147,0.8549966257947752,0.2673744765711825
87,exponential,-0.10445453068659871,0,0,0,0,0,0,0
87,logarithmic,0.28467590609602245,0,0,0,0,0,0,0
88,sigmoid,-0.7529527803689813,0.042159003894853386,0,0,0,0,0,0
88,linear,-0.6900748902880964,-0.8618807007587785,0,0,0,0,0,0
88,polynomial2D,-0.7013309451030758,-0.1321584428691145,0.5587529756445482,0,0,0,0,0
88,polynomial3D,0.4562191697597944,-0.3434560675809457,-0.917024660020807,-0.1464935561941565,0,0,0,0
88,polynomial7D,0.4800471702274407,-0.6335143729799915,0.3903348299957221,0.6729296226476145,-0.0024988882620378128,-0.928067098510502,-0.46416482696219985,-0.047781718184493505
88,exponential,-0.5488655492901084,0,0,0,0,0,0,0
88,logarithmic,0.7105207366425514,0,0,0,0,0,0,0
89,sigmoid,0.33892009720659466,0.4695290535740244,0,0,0,0,0,0
89,linear,-0.3677246216706265,-0.3403373683746016,0,0,0,0,0,0
89,polynomial2D,-0.3294788935563917,-0.40039328538497987,-0.7233539873846531,0,0,0,0,0
89,polynomial3D,0.6165591486971695,-0.12718137217890435,0.5465414219793123,-0.814934884485732,0,0,0,0
89,polynomial7D,-0.9591292986974489,0.43020729163477434,0.15978072757910478,-0.5894963147857866,-0.4386525359270115,0.47032187314475404,0.8638755144905821,-0.5415596744095297
89,exponential,-0.40996940874474763,0,0,0,0,0,0,0
89,logarithmic,0.2625569896540525,0,0,0,0,0,0,0
90,sigmoid,-0.9955081486131507,-0.04446904285364672,0,0,0,0,0,0
90,linear,0.3835399290623678,-0.3240966719978804,0,0,0,0,0,0
90,polynomial2D,0.9266661426207434,0.33064398153108776,-0.5713564180436994,0,0,0,0,0
90,polynomial3D,0.8562141423136156,0.49762220830655846,-0.6131466831902699,-0.48083894756991263,0,0,0,0
90,polynomial7D,0.20643577781053457,0.8944098070890052,-0.8561135899523957,-0.567543267146867,0.5914373945650087,0.8729247864178384,0.3877489032622674,-0.32574265622804854
90,exponential,0.28429329512133616,0,0,0,0,0,0,0
90,logarithmic,0.26844766368894746,0,0,0,0,0,0,0
91,sigmoid,0.31664990399398385,-0.06945944227229695,0,0,0,0,0,0
91,linear,0.8121885123518355,0.23879667326197174,0,0,0,0,0,0
91,polynomial2D,0.9112524281417733,0.829668315915252,0.5930986150874795,0,0,0,0,0
91,polynomial3D,0.7281107329972796,-0.3646506063987851,-0.09626663807874758,0.18369267051433935,0,0,0,0
91,polynomial7D,-0.523481388306247,-0.08070562372750234,-0.8554791979233547,-0.8269529230073109,-0.8244066982436202,0.7120143948171376,-0.8667427220563892,-0.2437177284472365
91,exponential,-0.5313634515765733,0,0,0,0,0,0,0
91,logarithmic,-0.8943381509695856,0,0,0,0,0,0,0
92,sigmoid,0.7776555781259371,0.11495237188673668,0,0,0,0,0,0
92,linear,-0.4257652198035651,0.41408484401287704,0,0,0,0,0,0
92,polynomial2D,-0.5284384124459462,-0.0022100303307435176,0.9705068134886328,0,0,0,0,0
92,polynomial3D,-0.4448686743946666,0.6159514710370602,0.9717538610786114,0.5396524905105438,0,0,0,0
92,polynomial7D,-0.5972399337877319,0.17563055561810859,-0.1745634977929491,-0.1106967815785671,-0.10228336929171467,0.2548258392980962,0.14015643062146932,0.728907618619381
92,exponential,-0.5872186860025821,0,0,0,0,0,0,0
92,logarithmic,-0.9987944923224821,0,0,0,0,0,0,0
93,sigmoid,0.5313754913369615,0.07339734620003036,0,0,0,0,0,0
93,linear,-0.5000666857066813,0.3386958955739672,0,0,0,0,0,0
93,polynomial2D,0.18391591562860232,0.7964474410243958,0.8926562779599492,0,0,0,0,0
93,polynomial3D,0.8613005696312854,0.5260241927680329,0.9258751417540139,-0.6558097670542302,0,0,0,0
93,polynomial7D,0.5225209368823698,0.26281217092337594,0.6166152335561197,0.5313863416536488,0.9554556320119643,-0.47009005258384096,-0.03466907467094793,0.9705632352681606
93,exponential,-0.4531580939682984,0,0,0,0,0,0,0
93,logarithmic,-0.3589408476181042,0,0,0,0,0,0,0
94,sigmoid,0.7327978659877115,-0.008744072297808714,0,0,0,0,0,0
94,linear,0.5695692901676361,-0.3762181656193213,0,0,0,0,0,0
94,polynomial2D,-0.14889175705710667,0.06911754170374196,-0.1932978366932543,0,0,0,0,0
94,polynomial3D,-0.37438615942676967,0.23862225639806822,0.1717943694747346,0.6139076828824499,0,0,0,0
94,polynomial7D,-0.9378687110791302,-0.06952228817283967,-0.98445531266381,0.7992430895766585,-0.6279493993837948,-0.028799963814183593,0.32219592572050915,0.4757267205945308
94,exponential,0.07162379268555163,0,0,0,0,0,0,0
94,logarithmic,-0.6295048275441761,0,0,0,0,0,0,0
95,sigmoid,-0.13043031968542196,-0.9206178578771289,0,0,0,0,0,0
95,linear,-0.6444020576137386,0.7216969158467859,0,0,0,0,0,0
95,polynomial2D,-0.9504573155142346,0.026186121428319442,0.5302827155049836,0,0,0,0,0
95,polynomial3D,0.8674129555657988,0.6803270882102419,-0.3474475384322362,0.5853349835632811,0,0,0,0
95,polynomial7D,-0.21177923502602147,-0.09999493711053709,0.1814142081665444,-0.07399450180407574,0.30860136456297993,-0.22554794025683633,-0.6255149331536964,0.23818245557724116
95,exponential,-0.48970934447812753,0,0,0,0,0,0,0
95,logarithmic,-0.8969232235222413,0,0,0,0,0,0,0
96,sigmoid,0.8997134867747263,-0.07067327690826275,0,0,0,0,0,0
96,linear,0.5312891476417665,-0.9005502064229667,0,0,0,0,0,0
96,polynomial2D,-0.11105592848675228,-0.6839784637708273,0.8393705964503697,0,0,0,0,0
96,polynomial3D,0.003708188034663884,-0.3368810285407977,-0.6817970132266091,0.08570819941596541,0,0,0,0
96,polynomial7D,0.9758840290553727,-0.36649887465137954,-0.08013171077838455,-0.07334444649078264,0.37871388870252987,-0.4317566198398688,-0.7756653408962213,-0.5798978349653656
96,exponential,-0.9626205157585987,0,0,0,0,0,0,0
96,logarithmic,0.35547114680773095,0,0,0,0,0,0,0
97,sigmoid,-0.6218354073031451,-0.798491311800267,0,0,0,0,0,0
97,linear,-0.6430271824698992,0.4662376950860241,0,0,0,0,0,0
97,polynomial2D,-0.7773354986345187,0.08673185943214001,-0.3983504454240314,0,0,0,0,0
97,polynomial3D,0.45334582668536116,-0.043696270930001724,0.10608399523778611,-0.8720604256111617,0,0,0,0
97,polynomial7D,0.06896766872743054,-0.07820733051683026,0.2999331054040293,-0.9166085911164565,0.6921986630464487,0.20345042739394148,-0.18856148398621952,-0.6727000514075221
97,exponential,-0.006252680398390664,0,0,0,0,0,0,0
97,logarithmic,-0.7407165491074024,0,0,0,0,0,0,0
98,sigmoid,-0.500385851638949,0.6156933998204752,0,0,0,0,0,0
98,linear,-0.228610273946094,-0.5640500945615434,0,0,0,0,0,0
98,polynomial2D,0.8901510871727853,-0.6375590089910352,0.8904770818434198,0,0,0,0,0
98,polynomial3D,-0.013750011961928932,0.049773882456449536,-0.9867956171811219,0.34068054120743607,0,0,0,0
98,polynomial7D,-0.3391278003082887,0.8525496612451657,0.027343888184181875,-0.9390456074553384,0.5974072540859752,0.2753338947676538,-0.2657214740927698,-0.8926896325942506
98,exponential,-0.5459012052266001,0,0,0,0,0,0,0
98,logarithmic,0.09219973080414334,0,0,0,0,0,0,0
99,sigmoid,0.7533518306193316,-0.017499592365272987,0,0,0,0,0,0
99,linear,-0.2029080620476964,-0.14172336564073906,0,0,0,0,0,0
99,polynomial2D,-0.08222369728654955,-0.8616742085126186,-0.1901506403840183,0,0,0,0,0
99,polynomial3D,-0.9808592374093146,0.3598666237271564,0.5961284994086078,0.12184656176429431,0,0,0,0
99,polynomial7D,0.8641283725704245,-0.6561071049567029,0.2765714936749304,-0.5011878674430552,0.8609058686281947,0.3121043627462916,-0.8741411687642184,-0.5839736494533665
99,exponential,-0.4865359592615417,0,0,0,0,0,0,0
99,logarithmic,-0.09914741620204404,0,0,0,0,0,0,0
